Workbook

Sheet FLUID REFERENCE TABLES
A1: Reference | B1: Munson, Bruce R., et al. Fundamentals of Fluid Mechanics. 6th ed., John Wiley & Sons, 2009.
B3: MAJOR LOSSES | L3: MINOR LOSSES
E21: MOODY'S DIAGRAM VALS DERIVED FROM COLEBROOK EQ:
E22: *FOR PLASTIC PIPE, ε/D = 0
E27: SOLVABLE EQUIVALENT FOR SMOOTH PIPES FROM BLASIUS EQ:
B33: EQUATIONS (Darcy–Weisbach)
L35: Reynolds number | P35: LAMINAR VS TURBULENT REFERENCE TABLE
Q36: Re Range
P37: Laminar | Q37: 0-2000
P38: Transition | Q38: 2000-4000
P39: Turbulent | Q39: 4000+
L48: friction factor for laminar pipe flow
B61: OTHER LOSSES
B63: EMRAX 228 LOSS COEFFICIENT | C63: CONVERSION
C64: Value
C65: k_MTR (metric) (kPa s^2 /m^6) | D65: =2.1*10^9 -> 2100000000
C66: k_MTR (imperial) (lb·s²/ft⁸) | D66: =D65*E105*E106 -> 35168333
B82: PM100DX INVERTER LOSS COEFFICIENT | C82: CONVERSION
C83: Value
C84: k_MC (metric) (kPa s^2 /m^6) | D84: =1.235*10^9 -> 1235000000
C85: k_MC (imperial) (lb·s²/ft⁸) | D85: =D84*E105*E106 -> 20682329
D104: Ratio | E104: Factor
C105: * 1 kPa = 20.8854 lb/ft² | D105: [lb/ft^2]/[kPa] | E105: 20.8854
C106: * 1 m = 3.28084 ft | D106: [m^6]/ [ft^6] | E106: =(1/3.28084)^6 -> 0.00080184365
B109: h_l = (k*Q^2)/(ρg)

Sheet FLUIDS ASSUMED CONSTANTS 
B2: VALUES USED CALCULATIONS
A4: instructions | C4: only change Q for this column
B5: PROPERTY | C5: COLD SECTIONS | D5: HOT SECTIONS | E5: UNKNOWN SECTIONS (DEFAULT SETTING)
A6: input | B6: Flow Rate [Q] (ft^3/s) | C6: 0.00412 | D6: =C6 -> 0.00412 | E6: =C6 -> 0.00412 | F6: *Maxium flow rate to be tested is 0.02174 ft^3/s as shown on Bosch Pump Documentation (https://18ee8201-0d88-4084-82c8-3d41854c8186.filesusr.com/ugd/01ef68_ef1d22756e664ed3a3ee4f42fe7ba7a2.pdf)
A7: choose | B7: Temperature [°F] | C7: 32 | D7: 120 | E7: 60
B8: Dynamic Viscocity [μ] (lb*s/ft^2) | C8: =OFFSET(E16,MATCH(C7,B17:B30,0),0) -> 3.732e-05 | D8: =OFFSET(E16,MATCH(D7,B17:B30,0),0) -> 1.164e-05 | E8: =OFFSET(E16,MATCH(E7,B17:B30,0),0) -> 2.344e-05
B9: Gravity [g] (ft/s^2) | C9: 32.2 | D9: 32.2 | E9: 32.2
B10: Density [ρ] (slugs/ft^3) | C10: =OFFSET(C16,MATCH(C7,B17:B30,0),0) -> 1.94 | D10: =OFFSET(C16,MATCH(D7,B17:B30,0),0) -> 1.918 | E10: =OFFSET(C16,MATCH(E7,B17:B30,0),0) -> 1.938
B11: Vapor Pressure
B12: *Example of hot section: water through the motor; example of cold section: water through the radiator
B14: WATER PROPERTIES TABLE
B16: Temperature (°F) | C16: Density [ρ] (slugs/ft^3) | D16: Specific Weight, gamma (lb/ft^3) | E16: Dynamic Viscosity, [μ] (lb*s/ft^2) | F16: Kinematic Viscosity, [ν] (ft^2/s) | G16: Surface Tension, σ (lb/ft) | H16: Vapor Pressure, pv (lb/in^2 abs) | I16: Speed of Sound, c (ft/s)
B17: 32 | C17: 1.94 | D17: 62.42 | E17: 3.732e-05 | F17: 1.924e-05 | G17: 0.00518 | H17: 0.08854 | I17: 4603
B18: 40 | C18: 1.94 | D18: 62.43 | E18: 3.228e-05 | F18: 1.664e-05 | G18: 0.00513 | H18: 0.1217 | I18: 4672
B19: 50 | C19: 1.94 | D19: 62.41 | E19: 2.73e-05 | F19: 1.407e-05 | G19: 0.00509 | H19: 0.1781 | I19: 4748
B20: 60 | C20: 1.938 | D20: 62.37 | E20: 2.344e-05 | F20: 1.21e-05 | G20: 0.00503 | H20: 0.2563 | I20: 4814
B21: 70 | C21: 1.936 | D21: 62.3 | E21: 2.037e-05 | F21: 1.052e-05 | G21: 0.00497 | H21: 0.3631 | I21: 4871
B22: 80 | C22: 1.934 | D22: 62.22 | E22: 1.791e-05 | F22: 9.262e-06 | G22: 0.00491 | H22: 0.5069 | I22: 4819
B23: 90 | C23: 1.931 | D23: 62.11 | E23: 1.5e-05 | F23: 8.233e-06 | G23: 0.00486 | H23: 0.6979 | I23: 4960
B24: 100 | C24: 1.927 | D24: 62 | E24: 1.423e-05 | F24: 7.383e-06 | G24: 0.00479 | H24: 0.9493 | I24: 4995
B25: 120 | C25: 1.918 | D25: 61.71 | E25: 1.164e-05 | F25: 6.067e-06 | G25: 0.00467 | H25: 1.692 | I25: 5049
B26: 140 | C26: 1.908 | D26: 61.38 | E26: 9.743e-06 | F26: 5.106e-06 | G26: 0.00453 | H26: 2.888 | I26: 5091
B27: 160 | C27: 1.896 | D27: 61 | E27: 8.315e-06 | F27: 4.385e-06 | G27: 0.0044 | H27: 4.736 | I27: 5101
B28: 180 | C28: 1.883 | D28: 60.58 | E28: 7.207e-06 | F28: 3.827e-06 | G28: 0.00426 | H28: 7.507 | I28: 5195
... B30: 212 | C30: 1.86 | D30: 59.83 | E30: 5.886e-06 | F30: 3.165e-06 | G30: 0.00404 | H30: 14.69 | I30: 5062
B32: Reference | C32: Munson, Bruce R., et al. Fundamentals of Fluid Mechanics. 6th ed., John Wiley & Sons, 2009.
B36: PUMP EFFICIENCY
B38: Percent Efficiency
B39: =0.75 -> 0.75

Sheet AER 27 HEAD CALCS
B3: MAJOR LOSSES | M3: MINOR LOSSES | Q3: Use these two boxes as scratch paper to | S3: A = pi/4 (D)^2 | X3: ADDITIONAL LOSSES
Q4: calulate ratios used in tables | S4: v = Q/A
A5: instructions | C5: for description, fittings are components | D5: choose type | E5: input, inputting =[in]/[ft] is a lot more accurate (see example) | F5: input (12 in = 1ft) | G5: Found from flow rate divided by area times density | J5: formula used | L5: instructions | N5: make sure your description of the fitting matches the fitting name in the major loss table, look at example rows | O5: input, inputting =[in]/[ft] is a lot more accurate (see example) | P5: input, inputting =[in]/[ft] is a lot more accurate (see example) | S5: input, use reference tables to determine which velocity (in or out) | T5: use reference tables to calulate | U5: formula used | Z5: Solve for theta P and divide by row g
B6: Pipe Section | C6: Section Description ( component X → component Y) | D6: Section Type | E6: Inner Diameter [D] (ft) | F6: Length [l] (ft) | G6: Velocity (ft/s) | H6: Reynolds No. | I6: Friction Factor (f) | J6: Head Loss (ft) | M6: Pipe Section | N6: Section Description (fitting component, relevant details) | O6: Diameter In [D] (ft) | P6: Diameter Out [D] (ft) | Q6: Area In [A_i] (ft^2) | R6: Area Out [A_o] (ft^2) | S6: Velocity (ft/s) | T6: Loss Coefficient (K_l) | U6: Head Loss (ft) | X6: Object | Y6: Loss Coefficient | Z6: Head Loss
A7: example | B7: 300 | C7: fill can → increaser | D7: HOT SECTIONS | E7: =0.75/12 -> 0.0625 | F7: 6 | G7: =_xlfn.XLOOKUP(D7,'FLUIDS ASSUMED CONSTANTS '!$C$5:$E$5,'FLUIDS ASSUMED CONSTANTS '!$C$6:$E$6)/(PI()*E7^2/4) -> 1.3429112 | H7: =_xlfn.XLOOKUP(D7,'FLUIDS ASSUMED CONSTANTS '!$C$5:$E$5,'FLUIDS ASSUMED CONSTANTS '!$C$10:$E$10)*G7*E7/_xlfn.XLOOKUP(D7,'FLUIDS ASSUMED CONSTANTS '!$C$5:$E$5,'FLUIDS ASSUMED CONSTANTS '!$C$8:$E$8) -> 13830.024 | I7: =IF(H7<=2000,64/H7,IF(H7>=4000,0.316/(H7)^(1/4),"Transition")) -> 0.02913945 | J7: =I7*(F7/E7)*(G7)^2/(2*('FLUIDS ASSUMED CONSTANTS '!C9)) -> 0.078335986 | L7: example | M7: 300 | N7: increaser, N/A | O7: =0.5/12 -> 0.041666667 | P7: =0.75/12 -> 0.0625 | Q7: =PI()/4*(O7)^2 -> 0.0013635385 | R7: =PI()/4*(P7)^2 -> 0.0030679616 | S7: ='FLUIDS ASSUMED CONSTANTS '!E6/'AER 27 HEAD CALCS'!Q7 -> 3.0215502 | T7: 0.3 | U7: =(T7)*(S7^2)/(2*('FLUIDS ASSUMED CONSTANTS '!$E$9)) -> 0.042529965 | X7: Emrax 228 Motor | Y7: ='FLUID REFERENCE TABLES'!D66 -> 35168333 | Z7: =Y7*('FLUIDS ASSUMED CONSTANTS '!E6)^2/(('FLUIDS ASSUMED CONSTANTS '!E10)*('FLUIDS ASSUMED CONSTANTS '!E9)) -> 9.5661365
G8: =_xlfn.XLOOKUP(D8,'FLUIDS ASSUMED CONSTANTS '!$C$5:$E$5,'FLUIDS ASSUMED CONSTANTS '!$C$6:$E$6)/(PI()*E8^2/4) -> #N/A | H8: =_xlfn.XLOOKUP(D8,'FLUIDS ASSUMED CONSTANTS '!$C$5:$E$5,'FLUIDS ASSUMED CONSTANTS '!$C$10:$E$10)*G8*E8/_xlfn.XLOOKUP(D8,'FLUIDS ASSUMED CONSTANTS '!$C$5:$E$5,'FLUIDS ASSUMED CONSTANTS '!$C$8:$E$8) -> #N/A | I8: =IF(H8<=2000,64/H8,IF(H8>=4000,0.316/(H8)^(1/4),"Transition")) -> #N/A | J8: =I8*(F8/E8)*(G8)^2/(2*('FLUIDS ASSUMED CONSTANTS '!$C$9)) -> #N/A | Q8: =PI()/4*(O8)^2 -> 0 | R8: =PI()/4*(P8)^2 -> 0 | U8: =(T8)*(S8^2)/(2*('FLUIDS ASSUMED CONSTANTS '!$E$9)) -> 0 | X8: PM100DX Inverter | Y8: ='FLUID REFERENCE TABLES'!D85 -> 20682329 | Z8: =Y8*('FLUIDS ASSUMED CONSTANTS '!E6)^2/(('FLUIDS ASSUMED CONSTANTS '!E10)*('FLUIDS ASSUMED CONSTANTS '!E9)) -> 5.6257993
G9: =_xlfn.XLOOKUP(D9,'FLUIDS ASSUMED CONSTANTS '!$C$5:$E$5,'FLUIDS ASSUMED CONSTANTS '!$C$6:$E$6)/(PI()*E9^2/4) -> #N/A | H9: =_xlfn.XLOOKUP(D9,'FLUIDS ASSUMED CONSTANTS '!$C$5:$E$5,'FLUIDS ASSUMED CONSTANTS '!$C$10:$E$10)*G9*E9/_xlfn.XLOOKUP(D9,'FLUIDS ASSUMED CONSTANTS '!$C$5:$E$5,'FLUIDS ASSUMED CONSTANTS '!$C$8:$E$8) -> #N/A | I9: =IF(H9<=2000,64/H9,IF(H9>=4000,0.316/(H9)^(1/4),"Transition")) -> #N/A | J9: =I9*(F9/E9)*(G9)^2/(2*('FLUIDS ASSUMED CONSTANTS '!$C$9)) -> #N/A | Q9: =PI()/4*(O9)^2 -> 0 | R9: =PI()/4*(P9)^2 -> 0 | U9: =(T9)*(S9^2)/(2*('FLUIDS ASSUMED CONSTANTS '!$E$9)) -> 0 | X9: Height
G10: =_xlfn.XLOOKUP(D10,'FLUIDS ASSUMED CONSTANTS '!$C$5:$E$5,'FLUIDS ASSUMED CONSTANTS '!$C$6:$E$6)/(PI()*E10^2/4) -> #N/A | H10: =_xlfn.XLOOKUP(D10,'FLUIDS ASSUMED CONSTANTS '!$C$5:$E$5,'FLUIDS ASSUMED CONSTANTS '!$C$10:$E$10)*G10*E10/_xlfn.XLOOKUP(D10,'FLUIDS ASSUMED CONSTANTS '!$C$5:$E$5,'FLUIDS ASSUMED CONSTANTS '!$C$8:$E$8) -> #N/A | I10: =IF(H10<=2000,64/H10,IF(H10>=4000,0.316/(H10)^(1/4),"Transition")) -> #N/A | J10: =I10*(F10/E10)*(G10)^2/(2*('FLUIDS ASSUMED CONSTANTS '!$C$9)) -> #N/A | Q10: =PI()/4*(O10)^2 -> 0 | R10: =PI()/4*(P10)^2 -> 0 | U10: =(T10)*(S10^2)/(2*('FLUIDS ASSUMED CONSTANTS '!$E$9)) -> 0 | X10: Radiator
G11: =_xlfn.XLOOKUP(D11,'FLUIDS ASSUMED CONSTANTS '!$C$5:$E$5,'FLUIDS ASSUMED CONSTANTS '!$C$6:$E$6)/(PI()*E11^2/4) -> #N/A | H11: =_xlfn.XLOOKUP(D11,'FLUIDS ASSUMED CONSTANTS '!$C$5:$E$5,'FLUIDS ASSUMED CONSTANTS '!$C$10:$E$10)*G11*E11/_xlfn.XLOOKUP(D11,'FLUIDS ASSUMED CONSTANTS '!$C$5:$E$5,'FLUIDS ASSUMED CONSTANTS '!$C$8:$E$8) -> #N/A | I11: =IF(H11<=2000,64/H11,IF(H11>=4000,0.316/(H11)^(1/4),"Transition")) -> #N/A | J11: =I11*(F11/E11)*(G11)^2/(2*('FLUIDS ASSUMED CONSTANTS '!$C$9)) -> #N/A | Q11: =PI()/4*(O11)^2 -> 0 | R11: =PI()/4*(P11)^2 -> 0 | U11: =(T11)*(S11^2)/(2*('FLUIDS ASSUMED CONSTANTS '!$E$9)) -> 0
G12: =_xlfn.XLOOKUP(D12,'FLUIDS ASSUMED CONSTANTS '!$C$5:$E$5,'FLUIDS ASSUMED CONSTANTS '!$C$6:$E$6)/(PI()*E12^2/4) -> #N/A | H12: =_xlfn.XLOOKUP(D12,'FLUIDS ASSUMED CONSTANTS '!$C$5:$E$5,'FLUIDS ASSUMED CONSTANTS '!$C$10:$E$10)*G12*E12/_xlfn.XLOOKUP(D12,'FLUIDS ASSUMED CONSTANTS '!$C$5:$E$5,'FLUIDS ASSUMED CONSTANTS '!$C$8:$E$8) -> #N/A | I12: =IF(H12<=2000,64/H12,IF(H12>=4000,0.316/(H12)^(1/4),"Transition")) -> #N/A | J12: =I12*(F12/E12)*(G12)^2/(2*('FLUIDS ASSUMED CONSTANTS '!$C$9)) -> #N/A | Q12: =PI()/4*(O12)^2 -> 0 | R12: =PI()/4*(P12)^2 -> 0 | U12: =(T12)*(S12^2)/(2*('FLUIDS ASSUMED CONSTANTS '!$E$9)) -> 0
G13: =_xlfn.XLOOKUP(D13,'FLUIDS ASSUMED CONSTANTS '!$C$5:$E$5,'FLUIDS ASSUMED CONSTANTS '!$C$6:$E$6)/(PI()*E13^2/4) -> #N/A | H13: =_xlfn.XLOOKUP(D13,'FLUIDS ASSUMED CONSTANTS '!$C$5:$E$5,'FLUIDS ASSUMED CONSTANTS '!$C$10:$E$10)*G13*E13/_xlfn.XLOOKUP(D13,'FLUIDS ASSUMED CONSTANTS '!$C$5:$E$5,'FLUIDS ASSUMED CONSTANTS '!$C$8:$E$8) -> #N/A | I13: =IF(H13<=2000,64/H13,IF(H13>=4000,0.316/(H13)^(1/4),"Transition")) -> #N/A | J13: =I13*(F13/E13)*(G13)^2/(2*('FLUIDS ASSUMED CONSTANTS '!$C$9)) -> #N/A | Q13: =PI()/4*(O13)^2 -> 0 | R13: =PI()/4*(P13)^2 -> 0 | U13: =(T13)*(S13^2)/(2*('FLUIDS ASSUMED CONSTANTS '!$E$9)) -> 0
G14: =_xlfn.XLOOKUP(D14,'FLUIDS ASSUMED CONSTANTS '!$C$5:$E$5,'FLUIDS ASSUMED CONSTANTS '!$C$6:$E$6)/(PI()*E14^2/4) -> #N/A | H14: =_xlfn.XLOOKUP(D14,'FLUIDS ASSUMED CONSTANTS '!$C$5:$E$5,'FLUIDS ASSUMED CONSTANTS '!$C$10:$E$10)*G14*E14/_xlfn.XLOOKUP(D14,'FLUIDS ASSUMED CONSTANTS '!$C$5:$E$5,'FLUIDS ASSUMED CONSTANTS '!$C$8:$E$8) -> #N/A | I14: =IF(H14<=2000,64/H14,IF(H14>=4000,0.316/(H14)^(1/4),"Transition")) -> #N/A | J14: =I14*(F14/E14)*(G14)^2/(2*('FLUIDS ASSUMED CONSTANTS '!$C$9)) -> #N/A | Q14: =PI()/4*(O14)^2 -> 0 | R14: =PI()/4*(P14)^2 -> 0 | U14: =(T14)*(S14^2)/(2*('FLUIDS ASSUMED CONSTANTS '!$E$9)) -> 0
G15: =_xlfn.XLOOKUP(D15,'FLUIDS ASSUMED CONSTANTS '!$C$5:$E$5,'FLUIDS ASSUMED CONSTANTS '!$C$6:$E$6)/(PI()*E15^2/4) -> #N/A | H15: =_xlfn.XLOOKUP(D15,'FLUIDS ASSUMED CONSTANTS '!$C$5:$E$5,'FLUIDS ASSUMED CONSTANTS '!$C$10:$E$10)*G15*E15/_xlfn.XLOOKUP(D15,'FLUIDS ASSUMED CONSTANTS '!$C$5:$E$5,'FLUIDS ASSUMED CONSTANTS '!$C$8:$E$8) -> #N/A | I15: =IF(H15<=2000,64/H15,IF(H15>=4000,0.316/(H15)^(1/4),"Transition")) -> #N/A | J15: =I15*(F15/E15)*(G15)^2/(2*('FLUIDS ASSUMED CONSTANTS '!$C$9)) -> #N/A | Q15: =PI()/4*(O15)^2 -> 0 | R15: =PI()/4*(P15)^2 -> 0 | U15: =(T15)*(S15^2)/(2*('FLUIDS ASSUMED CONSTANTS '!$E$9)) -> 0
G16: =_xlfn.XLOOKUP(D16,'FLUIDS ASSUMED CONSTANTS '!$C$5:$E$5,'FLUIDS ASSUMED CONSTANTS '!$C$6:$E$6)/(PI()*E16^2/4) -> #N/A | H16: =_xlfn.XLOOKUP(D16,'FLUIDS ASSUMED CONSTANTS '!$C$5:$E$5,'FLUIDS ASSUMED CONSTANTS '!$C$10:$E$10)*G16*E16/_xlfn.XLOOKUP(D16,'FLUIDS ASSUMED CONSTANTS '!$C$5:$E$5,'FLUIDS ASSUMED CONSTANTS '!$C$8:$E$8) -> #N/A | I16: =IF(H16<=2000,64/H16,IF(H16>=4000,0.316/(H16)^(1/4),"Transition")) -> #N/A | J16: =I16*(F16/E16)*(G16)^2/(2*('FLUIDS ASSUMED CONSTANTS '!$C$9)) -> #N/A | Q16: =PI()/4*(O16)^2 -> 0 | R16: =PI()/4*(P16)^2 -> 0 | U16: =(T16)*(S16^2)/(2*('FLUIDS ASSUMED CONSTANTS '!$E$9)) -> 0
G17: =_xlfn.XLOOKUP(D17,'FLUIDS ASSUMED CONSTANTS '!$C$5:$E$5,'FLUIDS ASSUMED CONSTANTS '!$C$6:$E$6)/(PI()*E17^2/4) -> #N/A | H17: =_xlfn.XLOOKUP(D17,'FLUIDS ASSUMED CONSTANTS '!$C$5:$E$5,'FLUIDS ASSUMED CONSTANTS '!$C$10:$E$10)*G17*E17/_xlfn.XLOOKUP(D17,'FLUIDS ASSUMED CONSTANTS '!$C$5:$E$5,'FLUIDS ASSUMED CONSTANTS '!$C$8:$E$8) -> #N/A | I17: =IF(H17<=2000,64/H17,IF(H17>=4000,0.316/(H17)^(1/4),"Transition")) -> #N/A | J17: =I17*(F17/E17)*(G17)^2/(2*('FLUIDS ASSUMED CONSTANTS '!$C$9)) -> #N/A | Q17: =PI()/4*(O17)^2 -> 0 | R17: =PI()/4*(P17)^2 -> 0 | U17: =(T17)*(S17^2)/(2*('FLUIDS ASSUMED CONSTANTS '!$E$9)) -> 0
G18: =_xlfn.XLOOKUP(D18,'FLUIDS ASSUMED CONSTANTS '!$C$5:$E$5,'FLUIDS ASSUMED CONSTANTS '!$C$6:$E$6)/(PI()*E18^2/4) -> #N/A | H18: =_xlfn.XLOOKUP(D18,'FLUIDS ASSUMED CONSTANTS '!$C$5:$E$5,'FLUIDS ASSUMED CONSTANTS '!$C$10:$E$10)*G18*E18/_xlfn.XLOOKUP(D18,'FLUIDS ASSUMED CONSTANTS '!$C$5:$E$5,'FLUIDS ASSUMED CONSTANTS '!$C$8:$E$8) -> #N/A | I18: =IF(H18<=2000,64/H18,IF(H18>=4000,0.316/(H18)^(1/4),"Transition")) -> #N/A | J18: =I18*(F18/E18)*(G18)^2/(2*('FLUIDS ASSUMED CONSTANTS '!$C$9)) -> #N/A | Q18: =PI()/4*(O18)^2 -> 0 | R18: =PI()/4*(P18)^2 -> 0 | U18: =(T18)*(S18^2)/(2*('FLUIDS ASSUMED CONSTANTS '!$E$9)) -> 0
G19: =_xlfn.XLOOKUP(D19,'FLUIDS ASSUMED CONSTANTS '!$C$5:$E$5,'FLUIDS ASSUMED CONSTANTS '!$C$6:$E$6)/(PI()*E19^2/4) -> #N/A | H19: =_xlfn.XLOOKUP(D19,'FLUIDS ASSUMED CONSTANTS '!$C$5:$E$5,'FLUIDS ASSUMED CONSTANTS '!$C$10:$E$10)*G19*E19/_xlfn.XLOOKUP(D19,'FLUIDS ASSUMED CONSTANTS '!$C$5:$E$5,'FLUIDS ASSUMED CONSTANTS '!$C$8:$E$8) -> #N/A | I19: =IF(H19<=2000,64/H19,IF(H19>=4000,0.316/(H19)^(1/4),"Transition")) -> #N/A | J19: =I19*(F19/E19)*(G19)^2/(2*('FLUIDS ASSUMED CONSTANTS '!$C$9)) -> #N/A | Q19: =PI()/4*(O19)^2 -> 0 | R19: =PI()/4*(P19)^2 -> 0 | U19: =(T19)*(S19^2)/(2*('FLUIDS ASSUMED CONSTANTS '!$E$9)) -> 0
G20: =_xlfn.XLOOKUP(D20,'FLUIDS ASSUMED CONSTANTS '!$C$5:$E$5,'FLUIDS ASSUMED CONSTANTS '!$C$6:$E$6)/(PI()*E20^2/4) -> #N/A | H20: =_xlfn.XLOOKUP(D20,'FLUIDS ASSUMED CONSTANTS '!$C$5:$E$5,'FLUIDS ASSUMED CONSTANTS '!$C$10:$E$10)*G20*E20/_xlfn.XLOOKUP(D20,'FLUIDS ASSUMED CONSTANTS '!$C$5:$E$5,'FLUIDS ASSUMED CONSTANTS '!$C$8:$E$8) -> #N/A | I20: =IF(H20<=2000,64/H20,IF(H20>=4000,0.316/(H20)^(1/4),"Transition")) -> #N/A | J20: =I20*(F20/E20)*(G20)^2/(2*('FLUIDS ASSUMED CONSTANTS '!$C$9)) -> #N/A | Q20: =PI()/4*(O20)^2 -> 0 | R20: =PI()/4*(P20)^2 -> 0 | U20: =(T20)*(S20^2)/(2*('FLUIDS ASSUMED CONSTANTS '!$E$9)) -> 0
G21: =_xlfn.XLOOKUP(D21,'FLUIDS ASSUMED CONSTANTS '!$C$5:$E$5,'FLUIDS ASSUMED CONSTANTS '!$C$6:$E$6)/(PI()*E21^2/4) -> #N/A | H21: =_xlfn.XLOOKUP(D21,'FLUIDS ASSUMED CONSTANTS '!$C$5:$E$5,'FLUIDS ASSUMED CONSTANTS '!$C$10:$E$10)*G21*E21/_xlfn.XLOOKUP(D21,'FLUIDS ASSUMED CONSTANTS '!$C$5:$E$5,'FLUIDS ASSUMED CONSTANTS '!$C$8:$E$8) -> #N/A | I21: =IF(H21<=2000,64/H21,IF(H21>=4000,0.316/(H21)^(1/4),"Transition")) -> #N/A | J21: =I21*(F21/E21)*(G21)^2/(2*('FLUIDS ASSUMED CONSTANTS '!$C$9)) -> #N/A | Q21: =PI()/4*(O21)^2 -> 0 | R21: =PI()/4*(P21)^2 -> 0 | U21: =(T21)*(S21^2)/(2*('FLUIDS ASSUMED CONSTANTS '!$E$9)) -> 0
G22: =_xlfn.XLOOKUP(D22,'FLUIDS ASSUMED CONSTANTS '!$C$5:$E$5,'FLUIDS ASSUMED CONSTANTS '!$C$6:$E$6)/(PI()*E22^2/4) -> #N/A | H22: =_xlfn.XLOOKUP(D22,'FLUIDS ASSUMED CONSTANTS '!$C$5:$E$5,'FLUIDS ASSUMED CONSTANTS '!$C$10:$E$10)*G22*E22/_xlfn.XLOOKUP(D22,'FLUIDS ASSUMED CONSTANTS '!$C$5:$E$5,'FLUIDS ASSUMED CONSTANTS '!$C$8:$E$8) -> #N/A | I22: =IF(H22<=2000,64/H22,IF(H22>=4000,0.316/(H22)^(1/4),"Transition")) -> #N/A | J22: =I22*(F22/E22)*(G22)^2/(2*('FLUIDS ASSUMED CONSTANTS '!$C$9)) -> #N/A | Q22: =PI()/4*(O22)^2 -> 0 | R22: =PI()/4*(P22)^2 -> 0 | U22: =(T22)*(S22^2)/(2*('FLUIDS ASSUMED CONSTANTS '!$E$9)) -> 0
... G25: =_xlfn.XLOOKUP(D25,'FLUIDS ASSUMED CONSTANTS '!$C$5:$E$5,'FLUIDS ASSUMED CONSTANTS '!$C$6:$E$6)/(PI()*E25^2/4) -> #N/A | H25: =_xlfn.XLOOKUP(D25,'FLUIDS ASSUMED CONSTANTS '!$C$5:$E$5,'FLUIDS ASSUMED CONSTANTS '!$C$10:$E$10)*G25*E25/_xlfn.XLOOKUP(D25,'FLUIDS ASSUMED CONSTANTS '!$C$5:$E$5,'FLUIDS ASSUMED CONSTANTS '!$C$8:$E$8) -> #N/A | I25: =IF(H25<=2000,64/H25,IF(H25>=4000,0.316/(H25)^(1/4),"Transition")) -> #N/A | J25: =I25*(F25/E25)*(G25)^2/(2*('FLUIDS ASSUMED CONSTANTS '!$C$9)) -> #N/A | Q25: =PI()/4*(O25)^2 -> 0 | R25: =PI()/4*(P25)^2 -> 0 | U25: =(T25)*(S25^2)/(2*('FLUIDS ASSUMED CONSTANTS '!$E$9)) -> 0
I27: TOTAL MAJOR LOSSES | J27: {=SUM(IFERROR(J8:J25,0))} -> 0 | T27: TOTAL MINOR LOSSES | U27: =SUM(U8:U25) -> 0 | Y27: TOTAL OTHER LOSSES | Z27: =SUM(Z7:Z10) -> 15.191936
B28: TOTALS
B30: Total Head Loss | C30: =J27+U27+Z27 -> 15.191936
B31: Required Head Rise | C31: =C30 -> 15.191936
B32: Required Pump Power
B33: NPSHa
B34: Bubbling ?

Sheet PUMP CURVE 
B2: Check in with Arslan on progress

Sheet AER 26 HEAD LOSS CALCS
A1: 027 Hydraulic Calcs
A2: *All units will be in imperial
G4: Assumed Pipe Friction Hazen-Williams Coeff, "C" = | H4: 150
G5: Flow per Pump = | H5: =7*0.26417287472922 -> 1.8492101 | I5: gpm | J5: Note: Target flow is 7 L/min
G6: Pump Efficiency = | H6: 0.85 | J6: Note: Lengths of segments are subject to change
G7: Total Head Req'd @ Flow: | H7: =+SUM(H22,K22,D25:D30) -> 19.060473 | I7: FEET
G8: Req'd Pump HP | H8: =H5*H7/3960/(H6) -> 0.010471426 | I8: HP
A10: Calculations
A11: No. of Pumps on | B11: Pipe Sect-ion | C11: Section Description(each "break" in the system) | D11: Total Flow, gpm | E11: Total Flow, cfs | F11: Length of pipe, ft | G11: Pipe ID, inch | H11: Pipe fric Head Loss, ft | I11: Sum of K** values | J11: Vel, fps | K11: Fitting head loss, ft | L11: Notes on fittings**
A12: 1 | B12: 1 | C12: Fill can - increaser | D12: =(A13*$H$5) -> 1.8492101 | E12: =(D12/448.9) -> 0.0041194255 | F12: =8/12 -> 0.66666667 | G12: 0.375 | H12: =(E12^1.85*F12/(1.67*$H$4^1.85*(PI()*(G12/12)^2/4)^1.85*(G12/12/4)^1.17)) -> 0.24628931 | I12: 0.3 | J12: =E12/(PI()*(G12/12)^2/4) -> 5.3708959 | K12: =(I12*J12^2/(2*32.2)) -> 0.13437821 | L12: 3/8 to 3/4 increaser
A13: 1 | B13: 2 | C13: Increaser - Radiator | D13: =(A13*$H$5) -> 1.8492101 | E13: =(D13/448.9) -> 0.0041194255 | F13: =4/12 -> 0.33333333 | G13: 0.75 | H13: =(E13^1.85*F13/(1.67*$H$4^1.85*(PI()*(G13/12)^2/4)^1.85*(G13/12/4)^1.17)) -> 0.0042111381 | I13: 1.1 | J13: =E13/(PI()*(G13/12)^2/4) -> 1.342724 | K13: =(I13*J13^2/(2*32.2)) -> 0.030795006 | L13: 1 90 elbow, flange/threaded
A14: 1 | B14: 3 | C14: Radiator - Pump | D14: =(A14*$H$5) -> 1.8492101 | E14: =(D14/448.9) -> 0.0041194255 | F14: =28.5/12 -> 2.375 | G14: 0.75 | H14: =(E14^1.85*F14/(1.67*$H$4^1.85*(PI()*(G14/12)^2/4)^1.85*(G14/12/4)^1.17)) -> 0.030004359 | I14: 1.1 | J14: =E14/(PI()*(G14/12)^2/4) -> 1.342724 | K14: =(I14*J14^2/(2*32.2)) -> 0.030795006 | L14: 1 90 elbow, flange/threaded
A15: 1 | B15: 4 | C15: Pump - Motor | D15: =(A15*$H$5) -> 1.8492101 | E15: =(D15/448.9) -> 0.0041194255 | F15: =16.5/12 -> 1.375 | G15: =3/8 -> 0.375 | H15: =(E15^1.85*F15/(1.67*$H$4^1.85*(PI()*(G15/12)^2/4)^1.85*(G15/12/4)^1.17)) -> 0.5079717 | I15: 0.25 | J15: =E15/(PI()*(G15/12)^2/4) -> 5.3708959 | K15: =(I15*J15^2/(2*32.2)) -> 0.11198184 | L15: 3/4 to 3/8 decreaser
A16: 1 | B16: 5 | C16: Motor- Inverter | D16: =(A16*$H$5) -> 1.8492101 | E16: =(D16/448.9) -> 0.0041194255 | F16: =22/12 -> 1.8333333 | G16: =3/8 -> 0.375 | H16: =(E16^1.85*F16/(1.67*$H$4^1.85*(PI()*(G16/12)^2/4)^1.85*(G16/12/4)^1.17)) -> 0.6772956 | I16: 1.1 | J16: =E16/(PI()*(G16/12)^2/4) -> 5.3708959 | K16: =(I16*J16^2/(2*32.2)) -> 0.4927201 | L16: 1 90 elbow, flange/threaded
A17: 1 | B17: 6 | C17: Inverter - Fill can | D17: =(A17*$H$5) -> 1.8492101 | E17: =(D17/448.9) -> 0.0041194255 | F17: =8/12 -> 0.66666667 | G17: =3/8 -> 0.375 | H17: =(E17^1.85*F17/(1.67*$H$4^1.85*(PI()*(G17/12)^2/4)^1.85*(G17/12/4)^1.17)) -> 0.24628931 | I17: 1.1 | J17: =E17/(PI()*(G17/12)^2/4) -> 5.3708959 | K17: =(I17*J17^2/(2*32.2)) -> 0.4927201 | L17: 1 90 elbow, flange/threaded
A18: 1
A19: 1
A20: 1
A21: 1
G22: TOTAL FRICTION LOSSES: | H22: =+SUM(H13:H21) -> 1.4657721 | I22: FEET | K22: =+SUM(K13:K21) -> 1.1590121 | L22: FEET
C24: Other Losses:
C25: Emrax 208 MV LC | D25: =D38*E12^2 -> 9.5622026 | E25: feet | F25: *Using Kmtr from Akron Study
C27: CM200 DX | D27: =D39*E12^2 -> 5.6234858 | E27: feet | F27: *Using Kmc from Akron Study
C29: Radiator | E29: feet
C30: Height Losses | D30: 1.25 | E30: feet
C32: NPSHa calculations:
C33: Atmospheric = 14.696 psia = | D33: =14.696*2.31 -> 33.94776 | E33: feet
C34: Submergence (incl 0' buffer) | D34: 0 | E34: feet
C35: Vapor Pressure @ 80F | D35: =0.5*2.31 -> 1.155 | E35: feet
C36: NPSHa = | D36: =D33+D34-D35 -> 32.79276 | E36: feet
C38: K_MTR_(ft of head*s^2/ft^6) | D38: =2.1*10^9*0.33463823293911*0.000801843801 -> 563487.94
C39: K_MC_Imperial | D39: =1.235*10^9*0.33463823293911*0.000801843801 -> 331384.58
C40: headloss = K * Q^2

Sheet FITTINGS TERMS
B2: Terminotology
B4: Abbreviaton | C4: Stands For | D4: What it Means in Practice
B5: PTFE | C5: Polytetrafluoroethylene | D5: A chemical-resistant plastic liner, often known by the brand name Teflon. PTFE hose is used for fuel, oil, ethanol, brake/clutch fluid, and harsh chemicals. For normal water/glycol coolant, it is usually more than you need.
B6: AN | C6: Army-Navy | D6: A standardized fitting system originally from military/aerospace use. AN fittings use a 37° flare seal and are common in racing/automotive fuel, oil, and coolant plumbing. Sizes are written like AN-6, AN-8, etc.
B7: CPE | C7: Chlorinated Polyethylene | D7: A synthetic rubber material used in some performance hoses. CPE hose is common for fuel/oil applications and can also be used for some coolant applications depending on rating.
B8: EFI | C8: Electronic Fuel Injection | D8: Refers to fuel-injection systems. “EFI fittings” are usually quick-connect fuel fittings designed for pressurized fuel lines.
B9: NPT | C9: National Pipe Taper | D9: A tapered pipe thread standard. NPT threads seal by wedging tighter as they screw in, usually with thread sealant or PTFE tape. Common sizes are 1/8 NPT, 1/4 NPT, 3/8 NPT, etc.
B10: BSP / BSPT / BSPP | C10: British Standard Pipe / British Standard Pipe Taper / British Standard Pipe Parallel | D10: Another pipe-thread standard. BSPT is tapered; BSPP is straight/parallel. Important: BSP and NPT can look similar but are not always compatible.
B11: ORB | C11: O-Ring Boss | D11: A straight-thread fitting that seals with an O-ring, not by thread wedging. Often better and cleaner than NPT for reusable fluid connections.
B12: SAE | C12: Society of Automotive Engineers | D12: A standards organization. In fittings, SAE often refers to standardized thread, flare, or O-ring connection types.
B13: JIC | C13: Joint Industry Council | D13: A 37° flare fitting standard similar to AN. AN and JIC are close, but AN has tighter manufacturing specs.
B14: ID | C14: Inside Diameter | D14: The inside opening size of hose, tube, or fitting. For flow, ID matters a lot. A smaller ID means higher velocity and more head loss.
B15: OD | C15: Outside Diameter | D15: The outside size of a hose or tube. Useful for clamps and packaging, but less important for flow than ID.
... B19: ORFS | C19: O-Ring Face Seal | D19: A fitting that seals using an O-ring compressed between flat faces. Common in hydraulic systems; good sealing, but probably overkill for a coolant loop.

Sheet HEAT TRANSFER REFERENCE TABLES
A1: REFERENCE | B1: Bergman, Theodore L., et al. Fundamentals of Heat and Mass Transfer. 7th ed., John Wiley & Sons, 2011. | X1: REFERENCE | Y1: https://www.intechopen.com/chapters/53343
B3: NTU RELATIONS | X3: COLBURN J FACTOR / CONVECTION COEFFICIENT
B30: HEAT TRANSFER PROPERTIES OF WATER

Sheet HEAT TRANSFER ASSUMED CONSTANTS
AA2: Thermal properties saturated water cases
B3: MUST BE FORMATTED TO LOOK LIKE THIS, MUST HAVE HOT/COLD/UNKNOWN SECTIONS, THE FLOW RATE SHOULD BE AN INPUT WHICH IS LINKED TO FLUID ASSUMED CONSTANTS, SAME THING WITH TEMPERATURE

Sheet AER 27 HEAT TRANSFER CALCS
A1: * There are three main area of heat transfer in the cooling system, the inverter (adds heat), the motor (adds heat), the radiator (removes heat)
A2: * Thermal calculations are in metric units due to ease of calculation
A3: * Waterside is considered the hot side (subscript h), airside is considered the cold side (subscript c)
B4: RADIATOR
B6: Thermal Resistance (Airside) (K/W) | C6: Thermal Resistance (Waterside) (K/W) | D6: Total Thermal Resistance | E6: Overall Heat Transfer Coefficient [W/K]
B9: input | C9: input | D9: input; get this from CFD | E9: input; get this from CFD
B10: Total Fin Area [A_f] (m^2) | C10: Total Area [A_tot] (m^2) | D10: Maximum Heat Transfer Rate [q_max] (W) | E10: Actual Heat Transfer Rate [q_actual] (W) | F10: Fin Efficiency [η_f] | G10: Overall Surface Efficiency [η_o]
B13: input | C13: input | D13: *get from assumed constants | E13: *from research paper, automate | F13: * from assumed constants
B14: Tube Pitch (mm) | C14: Fin Pitch (mm) | D14: Frontal Velocity (m/s) | E14: Convection Coefficient Airside [h_c] (W/m^2 *K) | F14: Convection Coefficient Waterside [h_h] (W/m^2 *K)
A16: SPACE
A17: FOR WALL CONDUCTIVITY
C20: input | D20: input | E20: input
B21: Total Fin Area [A_c] (m^2) | C21: Total Internal Tube Area [A_h] (m^2) | D21: Fouling Factor Airside (m^2*K/W) | E21: Fouling Factor Waterside (m^2*K/W)
B22: =B11 -> 0
B24: *automate, from constants | C24: *automate, from constants | D24: *automate, from constants | E24: *automate, from constants, should be derived from car speed and area of air passing through radiator | F24: *automate | G24: *automate | H24: *automate, need if statement for C min/ C max
B25: Specific Heat Waterside (J/kg*K) | C25: Specific Heat Airside (J/kg*K) | D25: Mass Flow Rate Waterside [m_dot] (kg/s) | E25: Mass Flow Rate Airside [m_dot] (kg/s) | F25: Heat Capacity Rate [C_h] | G25: Heat Capacity Rate Waterside [C_c] | H25: Heat Capacity Rate Ratio [C_r]
F26: =B26*D26 -> 0 | G26: =C26*E26 -> 0
B28: Number Transfer Units [NTU] | C28: Efficiency [ε] | D28: Inlet/Outlet Temperature Change (ΔT) [K] | E28: Heat Transferred [Q] (J)
